ID,CUSTOMERNAME,CITY,GENDER,AGE
1,Grace Johnson,Derby,F,34
2,Luke Cassidy,Nottingham,M,33
3,Connor Hilton,Portland,M,37
4,Blake Summers,Wellington,M,45
5,Nicholas Dale,Truro,M,37
6,Bryson Jackson,Philadelphia,M,44
7,Alex Hancock,Gisborne,M,32
8,Cameron Shepherd,Chichester,M,30
9,Hunter Mohamed,Gloucester,M,34
10,Adrian Sinclair,Auckland,M,26
11,Jasmine Davies,Winston됩alem,F,45
12,Autumn Thomas,Tampa,F,53
13,Addison Mclean,Aurora,F,36
14,Lily Baldwin,North Las Vegas,F,39
15,Trinity White,Laredo,F,27
16,Morgan Jones,Cincinnati,F,57
17,Elizabeth Whitehead,Worcester,F,59
18,Brody Thomas,Rotorua,M,38
19,Henry Carroll,Plano,M,42
20,Michael Lewis,Mesa,M,29
21,Carlos Walters,Plano,M,55
22,Zachary Whitehouse,Hialeah,M,48
23,Ayden Walker,Albuquerque,M,59
24,Gavin Burrows,Newcastle-upon-Tyne,M,33
25,Ava Leach,Lubbock,F,44
26,Ashley Rossi,Nashville,F,48
27,Makayla Mohamed,Memphis,F,55
28,Gianna Wyatt,Tampa,F,27
29,Joshua Schofield,Bradford,M,50
30,Lucas Savage,Philadelphia,M,54
31,Isaac Mcgrath,Leeds,M,51
32,Colton Jackson,Gisborne,M,54
33,Blake Obrien,Inverness,M,30
34,Mason Welch,Fresno,M,35
35,Matthew Robinson,Mesa,M,43
36,Elijah Thorne,Austin,M,38
37,Juan Thorne,Peterborough,M,39
38,Jacob Taylor,Boston,M,45
39,Julian Power,Tucson,M,40
40,Genesis Whitehouse,Stockton,F,26
41,Audrey Lindsay,Napier-Hastings,F,53
42,Avery Barlow,Tampa,F,47
43,Gabriella Walters,Palmerston North,F,49
44,Sarah Stuart,Pittsburgh,F,35
45,Andrea Kenny,Worcester,F,35
46,Kennedy Swift,Durham,F,25
47,Alexis Blair,Nottingham,F,54
48,Jeremiah Akhtar,Plymouth,M,25
49,Wyatt Abbott,Cambridge,M,41
50,Anthony Coles,Glendale,M,28
51,Michael Cullen,Garland,M,47
52,Alexandra Coles,Cambridge,F,54
53,Zoe Burrows,Corpus Christi,F,53
54,Lucy Perkins,Nelson,F,35
55,Riley Fleming,Scottsdale,F,52
56,Sophie Thompson,Cincinnati,F,56
57,Violet Mclean,Lincoln,F,55
58,Maya Davies,St Albans,F,51
59,Connor Barlow,Baltimore,M,33
60,Thomas Briggs,Las Vegas,M,30
61,Colton Silva,Whangarei,M,40
62,Ryan Hooper,Whanganui (Wanganui),M,30
63,Adrian Mann,Long Beach,M,36
64,Kayden Naylor,Durham,M,57
65,Kylie Walters,Sacramento,F,48
66,Jasmine Kenny,Scottsdale,F,33
67,Stella Obrien,Dunedin,F,35
68,Alyssa Whitehead,Cambridge,F,34
69,Grace Welch,Bangor,F,43
70,Emma Wood,Toledo,F,48
71,Gianna Joyce,Invercargill,F,32
72,Lillian Coles,Garland,F,54
73,Charles Vaughan,Edinburgh,M,36
74,Paul Summers,Westminster,M,49
75,Joseph Johnson,Los Angeles,M,42
76,Chase Smith,Los Angeles,M,41
77,Blake Davies,Norwich,M,32
78,Easton Johnson,Exeter,M,45
79,Brianna Cullen,New Plymouth,F,25
80,Anna Schofield,Oxford,F,57
81,Ella Robinson,Salisbury,F,49
82,Aubree Thornton,Tulsa,F,26
83,Lillian Thomas,Portsmouth,F,29
84,Bella Thompson,San Antonio,F,47
85,Jasmine Nelson,Salisbury,F,52
86,Savannah Power,St. Petersburg,F,59
87,Grayson Johnson,Boston,M,29
88,Cameron Mcfarlane,Portsmouth,M,28
89,Samuel Wyatt,Santa Ana,M,59
90,Wyatt Weaver,Inverness,M,51
91,Natalie Taylor,Nashville,F,38
92,Naomi Weaver,Inverness,F,55
93,Hailey Haines,Westminster,F,46
94,Avery Harris,Oklahoma City,F,35
95,Faith Welch,Lisburn,F,29
96,Serenity Hilton,Portsmouth,F,44
97,Makayla Lewis,Worcester,F,45
98,Adam Johnson,Salford,M,58
99,Adam Welch,Ely,M,35
100,Dominic Thomas,Westminster,M,48
101,Benjamin Osborne,Christchurch,M,47
102,Christian Wood,Tauranga,M,47
103,Tyler Cullen,Columbus,M,34
104,Joseph Thornton,Plano,M,57
105,Mark Mac,Ripon,M,43
106,Hudson Schofield,St. Petersburg,M,36
107,Tyler Mcfarlane,Durham,M,56
108,Faith Whelan,Lisburn,F,40
109,Stella Brown,London,F,48
110,Sophia Stuart,San Francisco[11],F,53
111,Isaac Wright,Louisville,M,41
112,Charles Boyd,San Diego,M,47
113,Wyatt Whitehouse,Miami,M,51
114,Jose Giles,Peterborough,M,53
115,Thomas Osborne,Lubbock,M,31
116,Kayden Stuart,Sacramento,M,56
117,Henry Little,Corpus Christi,M,36
118,Lillian Whitehead,Aberdeen,F,56
119,Harper Hilton,Portland,F,55
120,Molly White,Dundee,F,34
121,Isabella Taylor,Newark,F,29
122,Abigail Taylor,Manchester,F,55
123,Ella Thompson,Long Beach,F,49
124,Katherine Whitehead,Swansea,F,36
125,Alex Swift,Charlotte,M,44
126,Nathan Akhtar,Las Vegas,M,58
127,Ian Roberts,Arlington,M,25
128,Wyatt Coles,San Diego,M,35
129,Christopher Dale,Coventry,M,54
130,Liam Mann,Chandler,M,50
131,Anthony Wilson,Wellington,M,47
132,Jackson Buckley,Tauranga,M,32
133,Chloe Shepherd,Stockton,F,46
134,Sophia Lewis,Carlisle,F,58
135,Kayla Riddick,Lubbock,F,58
136,Isaiah Lindsay,Colorado Springs,M,37
137,Chase Carroll,Gisborne,M,55
138,Zachary Mac,Hereford,M,55
139,Angel Obrien,Riverside,M,28
140,Aaron Summers,Aurora,M,50
141,Easton Riddick,Kingston-upon-Hull,M,50
142,Jayden Vaughan,Lincoln,M,57
143,Kennedy Green,Whangarei,F,53
144,Autumn Williams,Gisborne,F,55
145,Claire Sinclair,Hereford,F,35
146,Elizabeth Cullen,Pittsburgh,F,39
147,Brianna Mcgrath,Dundee,F,55
148,Julia Williams,Glasgow,F,58
149,Caroline Rossi,Jacksonville,F,53
150,Caleb Whittaker,Wolverhampton,M,34
151,Evan White,Oxford,M,27
152,Matthew Whitehead,Preston,M,35
153,Dylan Summers,Newark,M,54
154,Benjamin Thorne,Saint Paul,M,35
155,Kevin Cassidy,Gisborne,M,32
156,Tyler Vaughan,Hereford,M,42
157,Elizabeth Osborne,Philadelphia,F,28
158,Hailey Sinclair,New Plymouth,F,39
159,Molly Mcgrath,Chester,F,54
160,Aria Barlow,Norwich,F,43
161,Emily Lindsay,Chandler,F,29
162,Arianna Mellor,Pittsburgh,F,39
163,Lillian Weaver,Newcastle-upon-Tyne,F,53
164,Owen Nelson,Bradford,M,51
165,Carter Obrien,Las Vegas,M,59
166,Scott Lewis,Sheffield,M,36
167,Luis Carroll,Tauranga,M,46
168,Oliver Obrien,Chicago,M,26
169,Carson Giles,Chula Vista,M,57
170,Andrew Brown,Oxford,M,46
171,Kylie Carroll,Ely,F,30
172,Taylor Seymour,Riverside,F,52
173,Anna Osborne,Durham,F,40
174,Morgan Blair,Tampa,F,58
175,Melanie Summers,Chicago,F,26
176,Gabriella Whitehead,St. Petersburg,F,30
177,Jocelyn Silva,Glasgow,F,30
178,Hunter Thomas,Baltimore,M,25
179,Logan Schofield,Inverness,M,45
180,Bryson Mcgrath,Nelson,M,45
181,Jordan Taylor,Bristol,M,52
182,Kayla Smith,Invercargill,F,38
183,Mackenzie Perkins,Washington,F,40
184,Aria Burrows,Carlisle,F,43
185,Mackenzie Whitehouse,Westminster,F,43
186,Eva Hilton,Sacramento,F,54
187,Makayla Roberts,Memphis,F,33
188,Violet Welch,Phoenix,F,49
189,Sarah Cassidy,Londonderry,F,36
190,Autumn Wyatt,Memphis,F,56
191,Elijah Shepherd,Salford,M,48
192,Chase Fleming,Laredo,M,27
193,Owen Naylor,Columbus,M,43
194,Robert Stuart,Christchurch,M,51
195,Emily Rossi,Lincoln,F,47
196,Faith Obrien,Aberdeen,F,28
197,Kylie Silva,Newcastle-upon-Tyne,F,31
198,London Mcgrath,Pittsburgh,F,29
199,Abigail Little,Gisborne,F,58
200,Bella Carroll,Aurora,F,58
201,Logan Naylor,Scottsdale,M,35
202,Anthony Cullen,Salisbury,M,46
203,Anthony Smith,Rotorua,M,36
204,Easton Mac,Glendale,M,58
205,Bryson Bradshaw,Invercargill,M,53
206,Isaac Baldwin,Mesa,M,45
207,Christian Thomas,Christchurch,M,44
208,Mackenzie Haines,Tucson,F,59
209,Lily Thomas,Fresno,F,59
210,Emily Leach,Cleveland,F,53
211,Piper Buckley,New York,F,26
212,Hailey Kenny,Houston,F,39
213,Arianna Harris,Oxford,F,36
214,Olivia Sinclair,Chichester,F,25
215,Aaliyah Mclean,Oklahoma City,F,34
216,Cooper Obrien,Cleveland,M,47
217,Mark Baldwin,Buffalo,M,43
218,Tyler Riddick,Jacksonville,M,45
219,Ava Whitehouse,Plano,F,48
220,Jocelyn Silva,Carlisle,F,42
221,Lillian Johnson,Fremont,F,52
222,Maya Mac,Chichester,F,49
223,Lauren Thorne,Christchurch,F,46
224,Kennedy Thompson,Bath,F,36
225,Madeline Carroll,Belfast,F,44
226,Jaxon Whitehouse,Cleveland,M,32
227,Luke Wilson,Arlington,M,51
228,Brody Whittaker,Invercargill,M,34
229,Easton Mann,Portsmouth,M,58
230,Adam Roberts,Long Beach,M,57
231,Chase Mohamed,Gisborne,M,49
232,Grayson Buckley,Cincinnati,M,53
233,Carlos Wyatt,Inverness,M,26
234,Jaxon Mcgrath,Dunedin,M,34
235,Carson Hilton,Oklahoma City,M,41
236,Henry Wright,Birmingham,M,47
237,Sophie Roberts,New York,F,40
238,Kayla Shepherd,Carlisle,F,25
239,Olivia Smith,Pittsburgh,F,41
240,Zachary Giles,Preston,M,27
241,Matthew Coles,Belfast,M,36
242,Henry Taylor,Peterborough,M,55
243,Charles Buckley,Baltimore,M,39
244,Cooper Sanders,Oakland,M,43
245,Hudson Adam,Tulsa,M,44
246,Kennedy Chadwick,Tauranga,F,40
247,Sarah Hooper,Irvine,F,59
248,Serenity Wyatt,New York,F,36
249,Madelyn Peters,Lubbock,F,45
250,Zoey Whitehead,Kingston-upon-Hull,F,55
251,Emma Whitehouse,Aurora,F,34
252,Sydney Lindsay,Henderson,F,40
253,Ryder Mann,Dunedin,M,26
254,Andrew Fleming,Chicago,M,59
255,Brandon Wood,Nottingham,M,58
256,Dylan Barlow,Nottingham,M,56
257,Michael Lewis,Cincinnati,M,33
258,Oliver Williams,St Albans,M,58
259,David Blair,Rotorua,M,44
260,Avery Whelan,Hereford,F,47
261,Gabriella Briggs,San Francisco[11],F,49
262,Jasmine Naylor,Columbus,F,50
263,Aubrey Brown,Rotorua,F,29
264,Jace Mohamed,Washington,M,58
265,James Thorne,Louisville,M,35
266,Jace Abbott,Peterborough,M,52
267,Bentley Mann,Madison,M,52
268,Joshua Davies,Washington,M,55
269,Grayson Abbott,Minneapolis,M,29
270,James Haines,San Diego,M,39
271,Aaron Hooper,Albuquerque,M,53
272,Daniel Davies,Chula Vista,M,45
273,Allison Silva,Chula Vista,F,57
274,Scarlett Briggs,Buffalo,F,39
275,Melanie Walters,Chandler,F,53
276,Lucy Jackson,San Antonio,F,41
277,Lillian Power,Stirling,F,47
278,Zoe Johnson,Chicago,F,35
279,Elizabeth Mohamed,Atlanta,F,52
280,Allison Evans,St. Petersburg,F,50
281,Gabriel Lewis,Bakersfield,M,53
282,Elijah Lindsay,Napier-Hastings,M,26
283,Violet Davies,Ripon,F,57
284,Elizabeth Hooper,Nashville,F,48
285,Camila Mcgrath,Phoenix,F,29
286,Avery Akhtar,Anaheim,F,49
287,Kylie Schofield,Nottingham,F,28
288,Chloe Weaver,Nelson,F,39
289,Aria Thorne,Buffalo,F,31
290,Noah Seymour,Lisburn,M,56
291,Kayden Williams,Mesa,M,47
292,Angel Buckley,Oxford,M,36
293,Andrew Mann,Ely,M,57
294,Scott Seymour,Jacksonville,M,36
295,Owen Taylor,Durham,M,44
296,Hannah Naylor,Leeds,F,32
297,Maya Whitehouse,Detroit,F,48
298,Genesis Riddick,Aurora,F,30
299,Victoria Brown,Tulsa,F,55
300,Gabriella White,Hialeah,F,25
301,Bella Swift,Hialeah,F,57
302,Jocelyn Nelson,Madison,F,34
303,Dominic Weaver,Palmerston North,M,29
304,Evan Green,Lancaster,M,35
305,Juan Green,Stoke-on-Trent,M,52
306,Hailey Mac,Napier-Hastings,F,35
307,Emma Nash,Cincinnati,F,55
308,Naomi Power,Raleigh,F,30
309,Lillian Boyd,Saint Paul,F,33
310,Khloe Adam,Las Vegas,F,32
311,Avery Power,Raleigh,F,44
312,Zoe Power,Santa Ana,F,26
313,Gabriella Cassidy,Napier-Hastings,F,58
314,Evelyn Mellor,Arlington,F,28
315,Natalie Naylor,Durham,F,42
316,Gabriella Davies,Philadelphia,F,43
317,Andrea Nelson,Auckland,F,51
318,Chase Riddick,Cleveland,M,50
319,Levi Weaver,Portland,M,54
320,Nathan Wright,Durham,M,55
321,Emily Kenny,Worcester,F,58
322,Lillian Thorne,Nashville,F,38
323,Lillian Whitehead,Fort Wayne,F,48
324,Emily Thornton,Portsmouth,F,59
325,Sofia Hilton,New Plymouth,F,37
326,Alyssa White,Exeter,F,59
327,Aubrey Wilson,El Paso,F,34
328,Jonathan Robinson,Whanganui (Wanganui),M,49
329,Tyler Thornton,Kingston-upon-Hull,M,41
330,Xavier Bradshaw,Bradford,M,46
331,Charles Mohamed,Bangor,M,53
332,Jason Akhtar,Garland,M,52
333,Liam Walker,St Albans,M,58
334,Aubrey Robinson,Plano,F,43
335,Molly Rossi,Seattle,F,47
336,Ashley Blair,Oakland,F,56
337,Alexa Carroll,Lincoln,F,32
338,Ashley Sanders,Las Vegas,F,48
339,Allison Thorne,Phoenix,F,58
340,Kaylee Lord,Denver,F,40
341,Sebastian Shepherd,Stockton,M,41
342,Sebastian Lindsay,Wellington,M,57
343,Ethan Haines,Winston됩alem,M,35
344,Sebastian Cassidy,Oakland,M,38
345,Cameron Johnson,Milwaukee,M,26
346,Kevin Buckley,Milwaukee,M,34
347,Charlotte Walters,Sheffield,F,44
348,Ellie Schofield,Birmingham,F,46
349,Ella Wood,St Albans,F,27
350,Naomi Smith,Toledo,F,57
351,Gabriella Johnson,Newport,F,53
352,Arianna Haines,Lincoln,F,58
353,Xavier Seymour,Miami,M,35
354,Ayden Akhtar,Sheffield,M,28
355,Oliver Davies,Indianapolis,M,44
356,Luke Little,Stoke-on-Trent,M,57
357,Kevin Evans,North Las Vegas,M,41
358,Liam Barlow,Stoke-on-Trent,M,31
359,John Baldwin,Salford,M,28
360,Sebastian Power,St Albans,M,35
361,Eva Osborne,Raleigh,F,34
362,Layla Wright,Los Angeles,F,29
363,Gianna Davies,Sacramento,F,46
364,Oliver Obrien,Wakefield,M,48
365,Noah Riddick,Washington,M,26
366,Noah Robinson,Nottingham,M,35
367,Michael Perkins,Westminster,M,35
368,Justin Davies,Winchester,M,46
369,Carson Hancock,Hialeah,M,55
370,Christopher Shepherd,Austin,M,38
371,Emma Lewis,Newark,F,45
372,Sydney Wilson,Anaheim,F,33
373,Aubrey Leach,Toledo,F,28
374,Zoey Roberts,York,F,43
375,Julia Roberts,Ripon,F,58
376,Maya Jones,Auckland,F,32
377,Zoe Mcfarlane,Fresno,F,27
378,London Jackson,Bradford,F,35
379,Stella Joyce,Orlando,F,54
380,Khloe Chadwick,Pittsburgh,F,50
381,Daniel Vaughan,Dunedin,M,31
382,Bryson Savage,Madison,M,58
383,Parker Summers,Oakland,M,46
384,Aaliyah Baldwin,Charlotte,F,52
385,Piper Thornton,Aurora,F,45
386,Lydia Burrows,Jacksonville,F,36
387,Andrew Abbott,Glasgow,M,48
388,Jack Mclean,Fort Worth,M,59
389,Landon Cassidy,Oakland,M,38
390,Jason Obrien,Memphis,M,27
391,Juan Lewis,Tulsa,M,38
392,Henry Mcfarlane,Stockton,M,32
393,Elijah Sanders,Cincinnati,M,25
394,Caleb Mcfarlane,Winchester,M,41
395,Mark Hancock,Phoenix,M,37
396,Mason Whelan,Birmingham,M,34
397,Carter Boyd,Sheffield,M,46
398,Isabella Roberts,Raleigh,F,52
399,Julia Smith,New Plymouth,F,44
400,Kayla Jones,Raleigh,F,34
401,Trinity Haines,Glendale,F,51
402,Camila Perkins,Oklahoma City,F,38
403,Ellie Briggs,Auckland,F,31
404,Scarlett Lindsay,Riverside,F,48
405,David Jackson,Chicago,M,40
406,Mark Wood,Las Vegas,M,49
407,Mark Thomas,Wakefield,M,45
408,Xavier Mcgregor,Portland,M,49
409,Ashley Obrien,Peterborough,F,35
410,Ariana Thornton,Corpus Christi,F,50
411,Layla Smith,Oxford,F,48
412,Mackenzie Lindsay,Birmingham,F,45
413,Layla Obrien,Carlisle,F,38
414,Ariana Shepherd,Dundee,F,31
415,John Mann,Jacksonville,M,56
416,Robert Naylor,Glendale,M,57
417,Christian Hilton,Auckland,M,59
418,Mark Mellor,Southampton,M,34
419,Wyatt Joyce,Ripon,M,59
420,Bryson Sanders,Milwaukee,M,25
421,Annabelle Savage,Canterbury,F,25
422,Melanie Dale,Denver,F,39
423,Morgan Vaughan,Indianapolis,F,25
424,Piper Blair,Peterborough,F,28
425,Lillian Vaughan,Columbus,F,31
426,Alexa Walters,Jersey City,F,42
427,Madeline Green,Riverside,F,26
428,Oliver White,Austin,M,59
429,Nicholas Hancock,Bangor,M,42
430,Levi Welch,Fremont,M,30
431,Logan Mann,Glendale,M,26
432,James Watson,Omaha,M,51
433,Isaiah Watson,Orlando,M,54
434,Robert Sinclair,Hamilton,M,26
435,Bailey Coles,San Jose,F,38
436,Ellie Mclean,Whanganui (Wanganui),F,50
437,Mackenzie Naylor,London,F,59
438,Audrey Whittaker,Tulsa,F,54
439,Ashley Cullen,Lisburn,F,54
440,Evelyn Bradshaw,Boston,F,28
441,Lauren Mcfarlane,Tucson,F,45
442,Lillian Akhtar,Bangor,F,33
443,Xavier Chadwick,Stockton,M,57
444,Cameron Coles,Salford,M,29
445,Charles Smith,San Antonio,M,47
446,Mason Swift,Houston,M,56
447,Ryder Robinson,Wolverhampton,M,41
448,Carlos Lewis,Baltimore,M,34
449,Nicholas Mohamed,Invercargill,M,45
450,Olivia Summers,Minneapolis,F,27
451,Leah Buckley,Garland,F,45
452,Lauren Cullen,Kingston-upon-Hull,F,59
453,Hunter Whittaker,Southampton,M,33
454,Sebastian Lord,Napier-Hastings,M,59
455,Gavin Mcgregor,Wakefield,M,32
456,Kayden Weaver,Belfast,M,31
457,Elijah Mclean,Sunderland,M,55
458,Matthew Silva,Chandler,M,29
459,James Green,Fresno,M,43
460,Nicholas Thomas,Manchester,M,30
461,Chase Rossi,Sacramento,M,41
462,Paul Brown,Jacksonville,M,32
463,Andrea Vaughan,Norwich,F,26
464,Abigail Haines,Boston,F,29
465,Natalie Thomas,Pittsburgh,F,55
466,Aubrey Dale,York,F,28
467,Nolan Perkins,Belfast,M,50
468,Benjamin Leach,St Davids,M,29
469,Jayden Savage,Seattle,M,30
470,John Roberts,Chandler,M,44
471,Bryson Little,St Albans,M,28
472,Kevin Smith,Minneapolis,M,35
473,Evan Thorne,Long Beach,M,27
474,Riley Wilson,Memphis,F,32
475,Sydney Carroll,Newry.,F,59
476,Genesis Baldwin,Pittsburgh,F,52
477,Isabella Sanders,Dallas,F,53
478,Mia Thorne,Truro,F,53
479,Aubrey Riddick,Scottsdale,F,42
480,Naomi Seymour,Sunderland,F,50
481,David Lord,Henderson,M,28
482,Jordan Carroll,Memphis,M,36
483,Scott Cassidy,North Las Vegas,M,51
484,Grayson Adam,St Albans,M,26
485,Jackson Peters,Irving,M,29
486,Oliver Perkins,Lisburn,M,54
487,Liam Power,Jersey City,M,59
488,Gianna Boyd,Pittsburgh,F,47
489,Julia Shepherd,Houston,F,37
490,Charlotte Thompson,Philadelphia,F,43
491,Nicholas Smith,Auckland,M,56
492,Robert Boyd,Portland,M,55
493,Damian Taylor,Manchester,M,46
494,Jose Barlow,Winston됩alem,M,49
495,Caleb Nelson,Ely,M,36
496,Nicholas Haines,Fresno,M,41
497,Cameron Smith,Wellington,M,47
498,Liam Roberts,Auckland,M,43
499,Hannah Thornton,Liverpool,F,27
500,Maya Leach,Worcester,F,40
501,Alexa Mellor,Hamilton,F,53
502,Lily Mcfarlane,St Davids,F,46
503,Isabella Giles,Tampa,F,39
504,London Seymour,San Antonio,F,28
505,Serenity Bradshaw,Santa Ana,F,47
506,Stella Mclean,Cincinnati,F,28
507,Sofia Taylor,Wellington,F,55
508,Isabella Wright,Wolverhampton,F,27
509,Lucas Swift,Worcester,M,37
510,Samuel Kenny,Carlisle,M,26
511,Elijah Rossi,Christchurch,M,42
512,Makayla Walker,Rotorua,F,33
513,Caroline Power,Charlotte,F,59
514,Annabelle Taylor,Salford,F,33
515,Mackenzie Mann,Fort Worth,F,27
516,Alexandra Green,Swansea,F,38
517,Madeline Fleming,Orlando,F,55
518,Grace Silva,Wolverhampton,F,50
519,Juan Johnson,New York,M,38
520,Paul Coles,Scottsdale,M,45
521,Jackson Mac,Lincoln,M,26
522,Robert Thompson,Tucson,M,52
523,Evan Weaver,Dundee,M,42
524,Scott Hilton,Winston됩alem,M,26
525,Angel Taylor,Worcester,M,26
526,Kylie Williams,Buffalo,F,31
527,Morgan Welch,Raleigh,F,39
528,Alexis Mohamed,Lichfield,F,48
529,Isabella Stuart,Lubbock,F,30
530,Lily Baldwin,Madison,F,58
531,Lucy Giles,Wakefield,F,46
532,Sofia Robinson,Ripon,F,42
533,Brandon Coles,Miami,M,32
534,Charles Whittaker,Wolverhampton,M,49
535,Landon Bradshaw,Preston,M,47
536,Michael Whelan,Norwich,M,25
537,Jocelyn Roberts,Sacramento,F,26
538,Ellie Giles,Lichfield,F,51
539,Harper Jennings,San Francisco[11],F,42
540,Mia Perkins,Louisville,F,46
541,Lily Mcfarlane,Arlington,F,37
542,Bailey Robinson,Houston,F,35
543,Aubree Cassidy,North Las Vegas,F,39
544,Sarah Watson,Minneapolis,F,35
545,Stella Briggs,Christchurch,F,54
546,Lydia Blair,Cardiff,F,39
547,Angel Leach,Truro,M,57
548,Elijah Wilson,Gloucester,M,56
549,Blake Abbott,Preston,M,58
550,Nathan Roberts,Laredo,M,56
551,Kimberly Whittaker,Stoke-on-Trent,F,31
552,Lillian Williams,Salisbury,F,51
553,Abigail Green,Bath,F,37
554,Layla Thorne,Newport,F,55
555,Leah Adam,Cambridge,F,31
556,Aubrey Stuart,Fort Wayne,F,31
557,Jace Sinclair,Charlotte,M,29
558,Austin Hancock,Tampa,M,27
559,Alexander Mellor,Dallas,M,47
560,Jack Joyce,Fort Wayne,M,56
561,Mason Abbott,Leicester,M,45
562,Brandon Peters,Tauranga,M,55
563,Sydney Coles,Durham,F,45
564,Evelyn Coles,Charlotte,F,43
565,Molly Jackson,Mesa,F,36
566,Jasmine Coles,Cardiff,F,28
567,Claire Shepherd,Bradford,F,50
568,Aaliyah Thorne,Anaheim,F,29
569,Reagan Cassidy,Preston,F,43
570,Benjamin Lindsay,New Plymouth,M,55
571,Julian Stuart,Austin,M,47
572,Nathaniel Blair,Indianapolis,M,49
573,Thomas Rossi,Nottingham,M,25
574,Noah Sanders,Stoke-on-Trent,M,30
575,Jacob Evans,Milwaukee,M,30
576,Alex Sanders,Napier-Hastings,M,37
577,Taylor Bradshaw,Hialeah,F,58
578,Reagan Baldwin,Toledo,F,33
579,Julia Hancock,Oxford,F,36
580,Annabelle Brown,Auckland,F,57
581,Cameron Jackson,Plymouth,M,54
582,Jack Osborne,Nottingham,M,46
583,Andrew Wright,Wolverhampton,M,51
584,Jason Savage,Inverness,M,44
585,Owen Burrows,Los Angeles,M,31
586,Charles Mac,Winchester,M,43
587,Juan Cullen,Sheffield,M,38
588,Ryan Williams,Saint Paul,M,40
589,Noah Whitehouse,Oakland,M,53
590,Eli Hooper,Liverpool,M,29
591,Nevaeh Williams,Seattle,F,32
592,Ariana Wyatt,Toledo,F,41
593,Violet Williams,Wakefield,F,26
594,Alexis Bradshaw,London,F,55
595,Jose Mcgregor,Edinburgh,M,36
596,Kevin Williams,Lichfield,M,30
597,Joshua Hooper,Garland,M,28
598,Nolan Hancock,Newry.,M,59
599,Scott Roberts,Chula Vista,M,49
600,Mark Cassidy,Derby,M,57
601,Austin Silva,Philadelphia,M,51
602,Olivia Lord,Oklahoma City,F,43
603,Kayla Sinclair,Coventry,F,54
604,Riley Wright,Louisville,F,55
605,Andrea Chadwick,Cardiff,F,26
606,Serenity Mcgrath,Madison,F,37
607,Makayla Smith,Scottsdale,F,30
608,Bentley Thorne,Ripon,M,44
609,Brandon Shepherd,Austin,M,58
610,Andrew Akhtar,Bradford,M,25
611,Parker Watson,Tucson,M,41
612,Aiden Smith,Tampa,M,51
613,Owen Sinclair,Stoke-on-Trent,M,58
614,Jose Osborne,Southampton,M,30
615,Grace Wood,Denver,F,30
616,Harper Fleming,Arlington,F,42
617,Stella Stuart,Liverpool,F,31
618,Arianna Blair,Washington,F,38
619,Bentley Mcgregor,Aurora,M,40
620,Jason Welch,Coventry,M,46
621,Samuel Swift,Stirling,M,36
622,Charles Briggs,Omaha,M,33
623,Lucas Thorne,Wellington,M,43
624,Juan Baldwin,Canterbury,M,36
625,Paul Barlow,Whangarei,M,48
626,Luis Seymour,Salford,M,40
627,Wyatt Buckley,Newport,M,52
628,Nathaniel Green,Sacramento,M,58
629,Adrian Thompson,Wells,M,52
630,Taylor Joyce,Tulsa,F,31
631,Emily Wyatt,Garland,F,50
632,Stella Coles,Bangor,F,36
633,Elizabeth Lewis,Bangor,F,38
634,Savannah Brown,Toledo,F,29
635,Julia Shepherd,Kingston-upon-Hull,F,43
636,Caroline Mclean,Wellington,F,28
637,Joshua Taylor,Nashville,M,59
638,Elijah Riddick,Rotorua,M,50
639,Luis Stuart,Corpus Christi,M,36
640,Sarah Swift,Milwaukee,F,49
641,Audrey Giles,Inverness,F,52
642,Leah Shepherd,Atlanta,F,27
643,Evelyn Mcfarlane,Santa Ana,F,43
644,Abigail Haines,Winston됩alem,F,33
645,Kaylee Whitehouse,Sunderland,F,25
646,Natalie Haines,El Paso,F,48
647,Piper Walters,Portsmouth,F,48
648,David Sinclair,Tauranga,M,45
649,Gavin Little,Sunderland,M,39
650,Jayden Jones,Nelson,M,27
651,Luis Briggs,Fort Wayne,M,47
652,Jose Bradshaw,Madison,M,40
653,Josiah Bradshaw,Riverside,M,56
654,Aria Harris,Whangarei,F,44
655,Samantha Kenny,Winchester,F,27
656,Serenity Walker,Tauranga,F,47
657,Lily Robinson,Dallas,F,46
658,Abigail Schofield,Chandler,F,53
659,Layla Stuart,Edinburgh,F,56
660,Brianna Thompson,Sunderland,F,47
661,Jace Evans,Glendale,M,31
662,Christopher Mclean,Long Beach,M,38
663,Brandon Swift,Bakersfield,M,55
664,Aubree Silva,Scottsdale,F,51
665,Piper Wyatt,Irvine,F,42
666,Bailey Shepherd,Preston,F,51
667,Alexis Mcgrath,Charlotte,F,29
668,Elizabeth Akhtar,Dunedin,F,52
669,Lauren Sanders,Austin,F,45
670,Arianna Rossi,Dallas,F,37
671,Emily Thornton,Auckland,F,26
672,Genesis White,Albuquerque,F,31
673,Camila Thorne,Truro,F,46
674,Eva Thorne,Belfast,F,41
675,Kevin Jennings,Peterborough,M,48
676,Luke Jackson,Armagh,M,52
677,Nathaniel Jackson,Chichester,M,34
678,Justin Seymour,Fort Wayne,M,27
679,Bryson Taylor,Dunedin,M,33
680,Jordan Buckley,Madison,M,29
681,Gabriel Johnson,Oakland,M,42
682,Autumn Summers,Stoke-on-Trent,F,39
683,Kaylee Dale,Irving,F,54
684,Samantha Vaughan,Edinburgh,F,52
685,Gabriella Blair,Stockton,F,52
686,Sebastian Coles,Buffalo,M,51
687,Cameron Cassidy,Durham,M,36
688,Blake Nelson,Westminster,M,26
689,Nathaniel Smith,Toledo,M,38
690,Owen Brown,Cincinnati,M,56
691,Charles Mellor,Columbus,M,55
692,Cameron Weaver,Napier-Hastings,M,29
693,Ariana Jackson,Wellington,F,52
694,Allison Obrien,Wakefield,F,36
695,Lydia Seymour,Hamilton,F,29
696,Gabriella Mclean,Anaheim,F,58
697,Genesis Welch,Armagh,F,39
698,Emma Hancock,Greensboro,F,50
699,Lydia Burrows,Edinburgh,F,43
700,Charles Riddick,Columbus,M,48
701,Parker Boyd,Glendale,M,43
702,Daniel White,Newport,M,57
703,Andrew Coles,Atlanta,M,52
704,Hudson Buckley,San Antonio,M,33
705,Scott Barlow,Kansas City,M,36
706,Joshua Hancock,Raleigh,M,30
707,Brooklyn Naylor,Austin,F,38
708,Ava Riddick,Auckland,F,47
709,Kennedy White,Albuquerque,F,47
710,Sophia Shepherd,Inverness,F,37
711,Faith Vaughan,Mesa,F,52
712,Aubrey Wyatt,Pittsburgh,F,44
713,Kayla Johnson,Edinburgh,F,51
714,Isaac Hooper,Nelson,M,42
715,Nathaniel Kenny,Jacksonville,M,31
716,Xavier Barlow,St. Petersburg,M,42
717,Eli Thompson,Lancaster,M,30
718,Eli Mann,Austin,M,47
719,Xavier Thomas,Nelson,M,42
720,Oliver Barlow,Portland,M,58
721,Kylie Mcgrath,Henderson,F,27
722,Madison Carroll,Stirling,F,58
723,Sophie Mac,Nottingham,F,52
724,Julian Evans,Napier-Hastings,M,36
725,Chase Welch,Ely,M,27
726,Justin Mellor,Cambridge,M,39
727,Joshua Harris,Lincoln,M,52
728,Chase White,Ely,M,45
729,Isaac Blair,Miami,M,44
730,Christopher Mac,Detroit,M,59
731,Katherine Osborne,Anaheim,F,40
732,Gianna Taylor,Jersey City,F,36
733,Aubree Brown,Minneapolis,F,34
734,Victoria Bradshaw,Arlington,F,46
735,Hailey Swift,Albuquerque,F,46
736,Olivia Whitehead,St Davids,F,28
737,Aubrey Thompson,Stirling,F,32
738,Harper Fleming,Gloucester,F,30
739,Mackenzie Schofield,Leicester,F,54
740,London Hooper,Salford,F,58
741,Anna Walters,St. Petersburg,F,49
742,Jace Robinson,Phoenix,M,29
743,Scott Williams,Inverness,M,35
744,Henry Mcgregor,Fremont,M,29
745,Claire Walker,Milwaukee,F,38
746,Audrey Coles,Portland,F,56
747,Stella Hilton,Seattle,F,30
748,Sydney Walker,York,F,55
749,Mia Buckley,Birmingham,F,36
750,Autumn Nash,Plymouth,F,55
751,Kylie Harris,Kingston-upon-Hull,F,44
752,Logan Watson,Stoke-on-Trent,M,34
753,Juan Taylor,Bath,M,50
754,Kevin Evans,Christchurch,M,49
755,Lucas Shepherd,Garland,M,37
756,Thomas Leach,Las Vegas,M,35
757,Mark Wright,Madison,M,32
758,Brayden Hooper,Gisborne,M,45
759,Alexa Mann,Anaheim,F,48
760,Ava Lord,St. Petersburg,F,41
761,Aubree Coles,Washington,F,33
762,Jasmine Davies,Chula Vista,F,35
763,Jocelyn Little,Leeds,F,48
764,Lucy Hooper,Jacksonville,F,50
765,Hannah Little,Bristol,F,36
766,Bentley Nelson,Derby,M,52
767,Dylan Walker,Stoke-on-Trent,M,34
768,Jayden Swift,Chula Vista,M,46
769,Christian Joyce,Chandler,M,50
770,Caroline Abbott,York,F,51
771,Maya Mcgrath,Winston됩alem,F,53
772,Ellie Thorne,Inverness,F,25
773,Bella Robinson,Swansea,F,45
774,Melanie Mcgregor,Stirling,F,37
775,Ellie Whittaker,Newport,F,47
776,Sophie Sinclair,San Antonio,F,25
777,Ryan Welch,Tauranga,M,59
778,Colton Robinson,Cincinnati,M,47
779,Nathaniel Taylor,Gloucester,M,52
780,Benjamin Blair,Dallas,M,31
781,Evan Joyce,Salford,M,59
782,Jaxon Sanders,Seattle,M,58
783,Ethan Blair,Rotorua,M,42
784,Jose Sinclair,St Albans,M,36
785,Thomas Kenny,Indianapolis,M,51
786,Nathaniel Coles,Irving,M,54
787,Morgan Osborne,Philadelphia,F,54
788,Angel Whitehouse,Armagh,M,43
789,Isaac Peters,Lubbock,M,25
790,Daniel Johnson,Inverness,M,52
791,Anna Sanders,Chester,F,42
792,Naomi Watson,Orlando,F,38
793,Makayla Savage,Invercargill,F,30
794,Elizabeth Schofield,Stockton,F,49
795,Reagan Mclean,Houston,F,52
796,Ethan Kenny,Memphis,M,51
797,Blake Power,Leicester,M,51
798,David Boyd,Saint Paul,M,42
799,Luke Johnson,St Davids,M,50
800,Gavin Green,Jersey City,M,35
801,David Thomas,Denver,M,48
802,Isaac Boyd,Newry.,M,43
803,Aubrey Abbott,Aberdeen,F,37
804,Audrey Thorne,Norwich,F,41
805,Kylie Walker,Bradford,F,43
806,Carson Akhtar,Auckland,M,40
807,Adam Perkins,Santa Ana,M,38
808,Adrian Abbott,Chester,M,45
809,Dominic Mann,Hialeah,M,43
810,Juan Lord,Wellington,M,45
811,Elijah Barlow,El Paso,M,56
812,Noah Peters,Belfast,M,28
813,Noah White,Gloucester,M,49
814,Colton Swift,Norwich,M,45
815,Alex Cullen,Lincoln,M,56
816,Ava Barlow,Laredo,F,54
817,Bella Buckley,Lincoln,F,44
818,Natalie Weaver,New York,F,34
819,Andrea Little,Charlotte,F,44
820,Tyler Blair,San Diego,M,42
821,Jayden Haines,Chichester,M,59
822,Carter Thompson,Henderson,M,58
823,Henry White,Glasgow,M,26
824,Joseph White,Albuquerque,M,30
825,Molly Whitehouse,Whanganui (Wanganui),F,39
826,Natalie Weaver,Lichfield,F,57
827,Anna Cassidy,York,F,37
828,Piper Chadwick,Peterborough,F,42
829,Andrea Shepherd,Invercargill,F,57
830,Bailey Whelan,Henderson,F,29
831,Isaac Roberts,Las Vegas,M,35
832,Carter Fleming,Jacksonville,M,27
833,Sebastian Jackson,Long Beach,M,53
834,Evan Mcgregor,Chichester,M,49
835,Chase Obrien,Cambridge,M,31
836,Benjamin Adam,Corpus Christi,M,40
837,Robert Mac,Newport,M,29
838,Amelia Naylor,Canterbury,F,27
839,Aubrey Harris,Leicester,F,30
840,Melanie Riddick,Detroit,F,36
841,Claire Coles,San Diego,F,48
842,Makayla Burrows,Manchester,F,44
843,Emma Davies,Buffalo,F,57
844,Liam Haines,Portland,M,32
845,Connor Barlow,Cambridge,M,41
846,Aaron Mellor,Albuquerque,M,26
847,Michael Leach,Preston,M,48
848,Lucy Weaver,Irving,F,49
849,Claire Mellor,Napier-Hastings,F,38
850,Madison Riddick,Dallas,F,30
851,Zoey Carroll,Bangor,F,34
852,Kennedy Shepherd,Swansea,F,29
853,Zoey Schofield,Bradford,F,27
854,Lauren Mac,San Diego,F,54
855,Hailey Jones,Londonderry,F,44
856,Mia Haines,Tucson,F,25
857,Audrey Shepherd,Canterbury,F,58
858,Kevin Boyd,Bradford,M,41
859,Bryson Roberts,Gloucester,M,55
860,Levi Silva,Irvine,M,32
861,Peyton Wyatt,San Diego,F,40
862,Charlotte Green,Detroit,F,57
863,Samantha Wilson,Sunderland,F,26
864,Taylor Leach,Rotorua,F,48
865,Hannah Vaughan,Wolverhampton,F,32
866,Grace Perkins,Nelson,F,48
867,Colton Perkins,Newry.,M,42
868,Anthony Sanders,Dundee,M,40
869,Isaiah Peters,Winchester,M,35
870,Grayson Dale,Truro,M,46
871,Samuel Seymour,Jersey City,M,51
872,Ayden Joyce,Auckland,M,32
873,Lucy Carroll,Riverside,F,50
874,Ariana Johnson,Miami,F,39
875,Kennedy Mcgregor,York,F,43
876,Stella Coles,Belfast,F,53
877,Madelyn Roberts,Henderson,F,54
878,Avery Whittaker,Charlotte,F,34
879,Hunter Nelson,Irving,M,52
880,Paul Adam,Wells,M,47
881,Jose Whelan,Carlisle,M,55
882,Hudson Blair,Cardiff,M,57
883,Lauren Hilton,Bakersfield,F,46
884,Bella Adam,Baltimore,F,27
885,Ariana Barlow,Pittsburgh,F,35
886,Brianna Hancock,Rotorua,F,28
887,Victoria Lord,Plano,F,54
888,Elizabeth Mcgregor,Bradford,F,30
889,Savannah Blair,Truro,F,37
890,Ella Robinson,Newcastle-upon-Tyne,F,27
891,Julia Smith,Newport,F,28
892,Jayden Smith,Bradford,M,29
893,Tyler Adam,St Albans,M,39
894,Eli Joyce,Hereford,M,36
895,Joseph Hancock,Preston,M,59
896,Noah Mcfarlane,Stockton,M,56
897,Luke Mohamed,Armagh,M,59
898,Nathan Mcgrath,Philadelphia,M,31
899,Madison Silva,Portland,F,28
900,Madison Smith,Nottingham,F,56
901,Savannah Leach,Glasgow,F,47
902,Amelia Baldwin,St Davids,F,57
903,John Jackson,Dundee,M,28
904,Carson Lord,Detroit,M,27
905,Chase Dale,Kansas City,M,26
906,Ian Whelan,Lancaster,M,56
907,Noah Sinclair,Bangor,M,53
908,Abigail Vaughan,Corpus Christi,F,45
909,Scarlett Blair,Chester,F,58
910,Skylar Adam,Whanganui (Wanganui),F,54
911,Sydney Burrows,Lincoln,F,26
912,Kimberly Whelan,Pittsburgh,F,56
913,Julia Briggs,Salford,F,31
914,Taylor Naylor,Kansas City,F,27
915,Scott Mohamed,Worcester,M,25
916,Ethan Coles,Canterbury,M,40
917,Isaiah Buckley,Derby,M,25
918,Ryan Abbott,Raleigh,M,26
919,Aaron Whittaker,Wells,M,49
920,Oliver Mellor,Milwaukee,M,36
921,Isaac Jennings,Oxford,M,38
922,Addison Lewis,Mesa,F,27
923,London Summers,Canterbury,F,55
924,Naomi Baldwin,Londonderry,F,52
925,Isaac Cassidy,Fremont,M,54
926,Paul Stuart,Lancaster,M,43
927,Angel Wilson,Miami,M,51
928,Mason Barlow,Kingston-upon-Hull,M,26
929,Matthew Swift,Leicester,M,56
930,Charles Thompson,Glasgow,M,51
931,Noah Rossi,Lancaster,M,43
932,Ethan Baldwin,Memphis,M,38
933,Ayden Naylor,Jersey City,M,28
934,Nolan Thompson,Arlington,M,37
935,Charlotte Coles,El Paso,F,51
936,Natalie Rossi,St Albans,F,50
937,Caroline Little,Newark,F,57
938,Alexa Giles,Bristol,F,50
939,Luke Jackson,New Plymouth,M,25
940,Samuel Dale,Leicester,M,33
941,Henry Evans,Armagh,M,57
942,Daniel Evans,Bakersfield,M,36
943,Liam Lord,Arlington,M,32
944,Bryson Harris,Saint Paul,M,35
945,Skylar Obrien,Laredo,F,52
946,Piper Watson,Londonderry,F,39
947,Katherine Thompson,Lincoln,F,42
948,Gianna Abbott,Saint Paul,F,43
949,Arianna Thornton,Newport,F,46
950,Ava Vaughan,Oklahoma City,F,58
951,Isaac Wilson,Chester,M,37
952,Nathaniel Wyatt,Aurora,M,27
953,Bryson Thornton,Sheffield,M,37
954,Brody Akhtar,Hereford,M,45
955,Jack Abbott,Atlanta,M,45
956,Sofia Carroll,Sunderland,F,35
957,Ella Mann,Lancaster,F,37
958,Khloe Bradshaw,Albuquerque,F,42
959,Taylor Whelan,Seattle,F,49
960,Naomi Giles,Santa Ana,F,50
961,Elizabeth Sanders,Omaha,F,28
962,Sophie Wood,Detroit,F,56
963,Gavin Mac,Durham,M,56
964,Luke Seymour,Durham,M,33
965,Mark Swift,Garland,M,26
966,Luis Walker,Portland,M,29
967,Joseph Thompson,London,M,42
968,Aaron Carroll,Long Beach,M,34
969,Brayden Hooper,Rotorua,M,59
970,Aria Roberts,Tucson,F,36
971,Hailey Boyd,Atlanta,F,37
972,Victoria Abbott,Manchester,F,28
973,Gabriella Hooper,Tulsa,F,26
974,Zoey Adam,Aurora,F,49
975,Jocelyn Schofield,El Paso,F,51
976,Adrian Sanders,Washington,M,48
977,Ian Schofield,Glasgow,M,32
978,Blake Walters,Newcastle-upon-Tyne,M,31
979,Mason Wood,Liverpool,M,59
980,Lydia Thomas,Columbus,F,46
981,Alexa Jones,Lincoln,F,30
982,Alexis Jennings,Fort Wayne,F,41
983,Lucy Mellor,Henderson,F,43
984,Alyssa Obrien,Bangor,F,35
985,Kennedy Peters,Hamilton,F,25
986,Ariana Fleming,Ripon,F,50
987,Nicholas Naylor,Portsmouth,M,50
988,Chase Perkins,North Las Vegas,M,47
989,Caleb Giles,Canterbury,M,52
990,Brandon Hancock,Winchester,M,36
991,Luke Haines,Newcastle-upon-Tyne,M,31
992,Paul Lewis,Glendale,M,36
993,Connor Boyd,Palmerston North,M,50
994,Parker Giles,Nelson,M,27
995,Easton Akhtar,Fort Wayne,M,45
996,Nolan Kenny,Atlanta,M,50
997,Leah Smith,Oklahoma City,F,32
998,Molly Hancock,Salisbury,F,37
999,Aubree Cassidy,Dallas,F,48
1000,Adam Hancock,Kansas City,M,32
